{
  "train_loss": [
    0.43630702727374765,
    0.297087168482772,
    0.2546796870145079,
    0.22232457105705317,
    0.19912083166945702,
    0.17559858443410478,
    0.15718492778774604,
    0.13876465042475067,
    0.12187206956782462,
    0.10544073531417028,
    0.09759232841747714,
    0.08577453922242662,
    0.0736361899036303
  ],
  "train_acc": [
    84.4333773350934,
    89.19956798271932,
    90.87363494539781,
    91.87567502700108,
    92.70970838833553,
    93.5757430297212,
    94.13376535061403,
    94.76979079163166,
    95.49581983279332,
    96.05584223368935,
    96.42585703428138,
    96.71386855474219,
    97.27589103564142
  ],
  "val_loss": [
    0.2884306772795469,
    0.2538599125546316,
    0.24892817440926374,
    0.22819594903466367,
    0.21454857855028114,
    0.22211364462824196,
    0.2072579048851822,
    0.21193025251908215,
    0.2161012148058872,
    0.23033420283932493,
    0.216676097951735,
    0.2475206225352071,
    0.27435313352003465
  ],
  "val_acc": [
    89.52209558088383,
    90.7118576284743,
    90.67186562687462,
    92.12157568486303,
    92.23155368926214,
    92.32153569286143,
    92.77144571085783,
    93.10137972405519,
    92.99140171965607,
    92.85142971405719,
    93.03139372125575,
    92.86142771445711,
    92.8114377124575
  ]
}