{
  "train_loss": [
    0.9122029799912719,
    0.4887655591174571,
    0.4014094901412023,
    0.3527000724120094,
    0.3305158338678747,
    0.3081961167140495,
    0.2939092470107591,
    0.27915692528255787,
    0.27323955606770967,
    0.2618228980274533,
    0.2512301497626025,
    0.24247558450044607,
    0.24008773683832857,
    0.22387310489758838,
    0.23027638962561714,
    0.22471460948954047,
    0.21620145041211386,
    0.21192736263367942,
    0.2091672646595082,
    0.197539847352058
  ],
  "train_acc": [
    69.02476099043962,
    82.70730829233169,
    86.1054442177687,
    87.69350774030961,
    88.55354214168567,
    89.36957478299132,
    89.60558422336894,
    90.25361014440577,
    90.40161606464258,
    90.7616304652186,
    91.03964158566343,
    91.32965318612744,
    91.55766230649226,
    91.98167926717069,
    91.82967318692748,
    91.84167366694668,
    92.3556942277691,
    92.41769670786832,
    92.61970478819153,
    92.83371334853395
  ],
  "val_loss": [
    0.4053047685337362,
    0.3431857677310306,
    0.2915911281217315,
    0.2949066233084312,
    0.2715352650734037,
    0.2987238949589719,
    0.2550149097728791,
    0.2782757078405262,
    0.2766130681722683,
    0.2953773155254236,
    0.2572654496758828,
    0.2692910401022832,
    0.26740361101086607,
    0.2815622136746756,
    0.29186047942293264,
    0.3128751572611664,
    0.29705925247453374,
    0.3082748721315533,
    0.28818936664835504,
    0.29610769880402565
  ],
  "val_acc": [
    85.58288342331534,
    87.70245950809839,
    89.24215156968606,
    89.45210957808439,
    90.44191161767647,
    90.42191561687662,
    91.13177364527094,
    90.10197960407919,
    90.69186162767447,
    90.10197960407919,
    91.5116976604679,
    90.96180763847231,
    91.24175164967006,
    90.81183763247351,
    90.4119176164767,
    91.58168366326734,
    90.33193361327734,
    91.83163367326534,
    91.66166766646671,
    91.78164367126574
  ]
}