{
  "train_loss": [
    0.42323487908955865,
    0.28870066704559416,
    0.24442899193285542,
    0.21570386692969207,
    0.19414537791655231,
    0.1717452242329095,
    0.1549084324770734,
    0.13879953237828113,
    0.12350061725862475,
    0.10894857198843394,
    0.0976433055706704,
    0.08668659958278956,
    0.07582542535374034,
    0.07126207452989697,
    0.06270383060371296,
    0.05854169773866646,
    0.049040181291614075,
    0.0476157017810077,
    0.04359857287463405
  ],
  "train_acc": [
    84.65338613544542,
    89.64958598343934,
    91.05764230569223,
    92.1836873474939,
    92.88971558862355,
    93.6597463898556,
    94.26377055082203,
    94.80979239169567,
    95.4058162326493,
    95.79183167326693,
    96.35385415416617,
    96.76587063482539,
    97.16188647545901,
    97.29389175567023,
    97.63990559622385,
    97.78991159646385,
    98.14992599703989,
    98.27193087723509,
    98.3439337573503
  ],
  "val_loss": [
    0.29481211691942844,
    0.2562558676342062,
    0.22284635913816603,
    0.21232512068778867,
    0.20080653011912084,
    0.21727591299505336,
    0.2217917479503914,
    0.20041796867563424,
    0.2251895550311422,
    0.22817798577199885,
    0.2227096808517463,
    0.23709837032247008,
    0.24966355339331425,
    0.2589690044959547,
    0.26057197140159905,
    0.3049870495532856,
    0.3124939446544978,
    0.26787663813539997,
    0.3087469656810938
  ],
  "val_acc": [
    89.48210357928414,
    90.78184363127374,
    92.0515896820636,
    92.43151369726054,
    92.68146370725854,
    92.46150769846031,
    92.22155568886222,
    92.93141371725655,
    92.37152569486103,
    93.07138572285542,
    92.88142371525694,
    92.84143171365727,
    92.80143971205759,
    93.22135572885423,
    92.59148170365927,
    92.88142371525694,
    92.5614877024595,
    93.02139572085584,
    92.28154369126175
  ]
}