{
  "experiment_name": "large_batch",
  "config": {
    "learning_rate": 0.001,
    "batch_size": 128,
    "epochs": 20,
    "filters": [
      32,
      64,
      128
    ],
    "dropout": 0.5,
    "kernel_size": 3,
    "hidden_size": 256,
    "early_stopping_patience": 5
  },
  "best_val_accuracy": 93.22135572885423,
  "test_accuracy": 92.84,
  "test_loss": 0.2810733305931091,
  "final_train_loss": 0.04359857287463405,
  "final_train_acc": 98.3439337573503,
  "epochs_trained": 19,
  "timestamp": "2025-12-18T11:29:39.046560"
}