{
  "train_loss": [
    0.3789626134446184,
    0.26162564371391706,
    0.22372452720336292,
    0.1889162538416305,
    0.16353307489537158,
    0.141886362525586,
    0.11774346948622504,
    0.10207578481031092,
    0.0866215898445203,
    0.07610231796114512,
    0.06387726398721136,
    0.05584152411088175,
    0.04876885054001708,
    0.044556556817566546,
    0.03598506077408017,
    0.03513323601327538,
    0.035506950597163245
  ],
  "train_acc": [
    86.11744469778792,
    90.47961918476739,
    91.70966838673547,
    92.93971758870354,
    93.8277531101244,
    94.59778391135646,
    95.57182287291492,
    96.17984719388775,
    96.70986839473579,
    97.08388335533421,
    97.52990119604785,
    97.89391575663026,
    98.22192887715508,
    98.33393335733429,
    98.65394615784632,
    98.72594903796151,
    98.71594863794552
  ],
  "val_loss": [
    0.28972782711730294,
    0.24399301608984553,
    0.23291791460347017,
    0.24021055417720483,
    0.20775118312122248,
    0.20886484042802256,
    0.23410474817802837,
    0.23290370641140482,
    0.23137160974386742,
    0.23754500571792542,
    0.2881146882701843,
    0.27664441624691705,
    0.30471194257642764,
    0.3011905971778793,
    0.3297652536872568,
    0.33248837071999243,
    0.3303038050141055
  ],
  "val_acc": [
    89.44211157768446,
    90.97180563887223,
    91.42171565686863,
    91.62167566486703,
    92.32153569286143,
    92.7014597080584,
    92.48150369926014,
    92.53149370125975,
    92.77144571085783,
    92.88142371525694,
    92.22155568886222,
    93.12137572485503,
    92.29154169166166,
    92.88142371525694,
    92.67146570685863,
    92.92141571685663,
    93.09138172365527
  ]
}