{
  "train_loss": [
    0.4792617338958504,
    0.325069522642127,
    0.2719326533321736,
    0.23784560575867286,
    0.2102083365509923,
    0.18915665611047125,
    0.16789408269891873,
    0.14509915949926458,
    0.12865832918662778,
    0.1113680863128652,
    0.0980567221913204,
    0.08547216131070208,
    0.0741028718751971,
    0.0668344595237067,
    0.06058170793613719,
    0.05202987127211787,
    0.04897730877081146
  ],
  "train_acc": [
    83.09132365294612,
    88.27153086123445,
    90.24560982439297,
    91.46165846633865,
    92.34369374774991,
    93.15172606904277,
    93.873754950198,
    94.64978599143966,
    95.21380855234209,
    95.87183487339493,
    96.31185247409897,
    96.8278731149246,
    97.22388895555822,
    97.50590023600944,
    97.65590623624945,
    98.00992039681587,
    98.23592943717749
  ],
  "val_loss": [
    0.32400174044747515,
    0.2808101122114652,
    0.22871022642484143,
    0.22317029852952702,
    0.20410680152301525,
    0.19058210737973458,
    0.20835222790404703,
    0.20328529262861247,
    0.20650934703034285,
    0.2066040828703368,
    0.2249239411143971,
    0.23316153389349312,
    0.2534922138014777,
    0.2611236357785351,
    0.2718240897533132,
    0.32752961685595255,
    0.3148376348118732
  ],
  "val_acc": [
    89.14217156568687,
    90.00199960007998,
    91.63167366526694,
    92.43151369726054,
    92.50149970006,
    93.05138972205559,
    92.55148970205958,
    92.98140371925615,
    93.13137372525495,
    93.29134173165367,
    93.24135172965407,
    93.41131773645272,
    93.2613477304539,
    93.2113577284543,
    93.22135572885423,
    93.0613877224555,
    93.20135972805438
  ]
}