{
  "experiment_name": "more_filters",
  "config": {
    "learning_rate": 0.001,
    "batch_size": 64,
    "epochs": 20,
    "filters": [
      64,
      128,
      256
    ],
    "dropout": 0.5,
    "kernel_size": 3,
    "hidden_size": 256,
    "early_stopping_patience": 5
  },
  "best_val_accuracy": 93.41131773645272,
  "test_accuracy": 92.86999999999999,
  "test_loss": 0.2626304558038712,
  "final_train_loss": 0.04897730877081146,
  "final_train_acc": 98.23592943717749,
  "epochs_trained": 17,
  "timestamp": "2025-12-18T11:42:56.858299"
}